S_id,Type,Name,Location_ID
101,1,康華輸出設計中心(臨時公告請至臉書查詢）,1001
102,1,元岡影印店,1002
103,1,聯吉文書有限公司,1003
104,1,馬雅影印,1004
105,1,神彩影像輸出,1005
106,1,飛揚影印店,1006
107,1,吉祥影印社,1007
108,1,印象行影印&圖文輸出,1008
109,1,源豐影印,1009
1010,1,繁星數位影印,10010
1011,1,太學系列-壺冰影印社,10011
1012,1,佳格專業影印,10012
1013,1,台南吉茂數位輸出影印印刷店,10013
1014,1,複製學院影印店-成大店,10014
1015,1,欣達企業(美佳美數位影印),10015
1016,1,忠盈行,10016
1017,1,美捷馨影印店-臺南店,10017
1018,1,冠華數位影印中心 - 成大店,10018
1019,1,元祥行,10019
1020,1,汎美數位输出冲印中心 (FB Digital Enterprise),10020
1021,1,乘漢影印行,10021
1022,1,經典數位印刷 台南站前店,10022
1023,1,PO Line Copy,10023
1024,1,柔梅影印社,10024
1025,1,創義印務設計庇護工場 Chongyi Sheltered Workshop,10025
1026,1,金池塘影印店,10026
1027,1,大友數位影印,10027
1028,1,佳利影印,10028
1029,1,鴻展大圖輸出社 HOMEPRO REPROGRAPHICS & DATA PROCESSING CO.,10029
1030,1,富辰創意印刷,10030
1031,1,台一影印,10031
1032,1,順天綜合印刷廠,10032
1033,1,美文資料輸出中心,10033
1034,1,複製館影印店- 東平店,10034
1035,1,華特圖文輸出店,10035
1036,1,享印設計輸出中心,10036
1037,1,本田影印,10037
1038,1,歐克影印店,10038
1039,1,東鵬影印,10039
1040,1,立地印刷社,10040
1041,1,彩映印刷輸出中心,10041
1042,1,晉昌印刷(晉昌號),10042
1043,1,履樂影印,10043
1044,1,苑美彩色輸出中心,10044
1045,1,宏彩圖文輸出中心,10045
1046,1,嘉成影印,10046
1047,1,鼎雅印刷,10047
1048,1,金佰達輸出中心,10048
1049,1,立台彩色印刷企業股份有限公司,10049
1050,1,快捷利數位影像科技有限公司,10050
1051,1,Yingyin Station,10051
1052,1,捷印站影印店,10052
1053,1,東南打字行,10053
1054,1,展晟全方位圖文輸出有限公司-(台南健康店),10054
1055,1,天德行股份有限公司,10055
1056,1,豐生打字印刷社 欣鹿書房,10056
1057,1,華彩大圖輸出廣告設計(東門店),10057
1058,1,南一複印有限公司,10058
1059,1,欣格數位印刷,10059
1060,1,盈利印刷,10060
1061,1,元岡影印店,10061
1062,1,印象行影印&圖文輸出,10062
1063,1,飛揚影印店,10063
1064,1,捷印站影印店,10064
1065,1,乘漢影印行,10065
1066,1,聯吉文書有限公司,10066
1067,1,複製學院影印店-成大店,10067
1068,1,冠華數位影印中心 - 成大店,10068
1069,1,Yingyin Station,10069
1070,1,台南吉茂數位輸出影印印刷店,10070
1071,1,8點圖書文具生活廣場(領航者圖文百貨有限公司),10071
1072,1,展晟全方位圖文輸出有限公司-(台南健康店),10072
1073,1,本田影印,10073
1074,1,美捷馨影印店-臺南店,10074
1075,1,旋轉木馬燙金喜帖Love wins,10075
1076,1,經典數位印刷 台南站前店,10076
1077,1,大友數位影印,10077
1078,1,全丞數位印刷,10078
1079,1,美文資料輸出中心,10079
1080,1,順天綜合印刷廠,10080
1081,1,昱慶特殊印刷股份有限公司,10081
1082,1,IMIN Tainan,10082
1083,1,"南台彩藝股份有限公司 NTI PRINTING CO., LTD.",10083
1084,1,Shin Kong Mitsukoshi Tainan Zhongshan Store,10084
1085,1,RT-Mart Tainan Store,10085
1086,1,Shin Kong Mitsukoshi Tainan Ximen Store,10086
1087,1,COSTCO Tainan Store,10087
1088,1,加州安全帽專賣店,10088
1089,1,Shin Kong Mitsukoshi Tainan Fun Centre,10089
1090,1,原印文創股份有限公司,10090
1091,1,印象行影印&圖文輸出,10091
1092,1,源豐影印,10092
1093,1,元岡影印店,10093
1094,1,神彩影像輸出,10094
1095,1,元祥行,10095
1096,1,吉祥影印社,10096
1097,1,馬雅影印,10097
1098,1,太學系列-壺冰影印社,10098
1099,1,繁星數位影印,10099
10100,1,汎美數位输出冲印中心 (FB Digital Enterprise),100100
10101,1,經典數位印刷 台南站前店,100101
10102,1,飛揚影印店,100102
10103,1,康華輸出設計中心(臨時公告請至臉書查詢）,100103
10104,1,聯吉文書有限公司,100104
10105,1,創義印務設計庇護工場 Chongyi Sheltered Workshop,100105
10106,1,複製學院影印店-成大店,100106
10107,1,欣達企業(美佳美數位影印),100107
10108,1,忠盈行,100108
10109,1,順天綜合印刷廠,100109
10110,1,享印設計輸出中心,100110
10111,1,美捷馨影印店-臺南店,100111
10112,1,Panasonic,100112
10113,1,乘漢影印行,100113
10114,1,PO Line Copy,100114
10115,1,冠華數位影印中心 - 成大店,100115
10116,1,南一複印有限公司,100116
10117,1,台南吉茂數位輸出影印印刷店,100117
10118,1,全丞數位印刷,100118
10119,1,金池塘影印店,100119
10120,1,美文資料輸出中心,100120
10121,1,高傳真印刷便利屋,100121
10122,1,展晟全方位圖文輸出有限公司-(台南健康店),100122
10123,1,天德行股份有限公司,100123
10124,1,大友數位影印,100124
10125,1,佳格專業影印,100125
10126,1,宏達打字印刷有限公司,100126
10127,1,柔梅影印社,100127
10128,1,台一影印,100128
10129,1,益陞數位印刷,100129
10130,1,鼎雅印刷,100130
10131,1,晉昌印刷(晉昌號),100131
10132,1,捷印站影印店,100132
10133,1,東南打字行,100133
10134,1,玖愛印數位雲端印刷網,100134
10135,1,富辰創意印刷,100135
10136,1,旋轉木馬燙金喜帖Love wins,100136
10137,1,慈文印刷股份有限公司,100137
10138,1,豐生打字印刷社 欣鹿書房,100138
10139,1,華彩海報輸出印刷設計(成功店)-商業廣告設計 印刷 推薦 海報設計 大圖輸出 標籤貼紙 客製化數位輸出商品,100139
10140,1,複製館影印店 南台二店,100140
10141,1,萬峰企業有限公司 標籤印刷工廠 貼紙印刷工廠 數位印刷工廠,100141
10142,1,合合樂網路合版‧輸出‧印刷中心（桂圓股份有限公司）,100142
10143,1,履樂影印,100143
10144,1,9x9 Stationery,100144
10145,1,崑城鎖店,100145
10146,1,金佰達輸出中心,100146
10147,1,昱盛自黏商標印刷,100147
10148,1,宏彩圖文輸出中心,100148
10149,1,安平 慶平 影印店,100149
10150,1,洪印刷器材社,100150
301,3,"""七股遊客中心""",3001
302,3,"""下營停一""",3002
303,3,"""下營區游泳池""",3003
304,3,"""下營道班房""",3004
305,3,"""下營文小2運動公園""",3005
306,3,"""下營區公所""",3006
307,3,"""下營中山中華""",3007
308,3,"""大內石子瀨""",3008
309,3,"""水道博物館""",3009
3010,3,"""淨水池區停車場""",30010
3011,3,"""山上國小""",30011
3012,3,"""山上區公所""",30012
3013,3,"""民生轉運站""",30013
3014,3,"""海安民族""",30014
3015,3,"""海安正興""",30015
3016,3,"""赤崁樓""",30016
3017,3,"""家庭教育中心""",30017
3018,3,"""小西門公園""",30018
3019,3,"""臺南市美術館二館""",30019
3020,3,"""延平郡王祠""",30020
3021,3,"""臺灣文學館""",30021
3022,3,"""臺南大學(後校門)""",30022
3023,3,"""部立臺南醫院""",30023
3024,3,"""頂湖公園""",30024
3025,3,"""海安民權""",30025
3026,3,"""河樂廣場(金華路)""",30026
3027,3,"""萬昌街停車場""",30027
3028,3,"""臺南生活美學館(府前路)""",30028
3029,3,"""西湖公園""",30029
3030,3,"""河樂廣場(康樂街)""",30030
3031,3,"""二府口公園(友愛街115巷)""",30031
3032,3,"""海安中正""",30032
3033,3,"""海安府前""",30033
3034,3,"""西賢公園""",30034
3035,3,"""湖美公園""",30035
3036,3,"""西和綠園""",30036
3037,3,"""西華南成功""",30037
3038,3,"""華平民權""",30038
3039,3,"""頂美公園""",30039
3040,3,"""西賢一街187巷口""",30040
3041,3,"""孔廟文化園區(南門路)""",30041
3042,3,"""開山大同""",30042
3043,3,"""南門公園""",30043
3044,3,"""和緯西賢""",30044
3045,3,"""武聖路69巷40弄口""",30045
3046,3,"""運河星鑽停車場""",30046
3047,3,"""臺南女中""",30047
3048,3,"""臺南都會公園(文華路)""",30048
3049,3,"""臺南都會公園(文賢路)""",30049
3050,3,"""嘉南藥理大學""",30050
3051,3,"""保安轉運站""",30051
3052,3,"""保華崇德""",30052
3053,3,"""衛福部胸腔病院""",30053
3054,3,"""中華醫事科技大學""",30054
3055,3,"""仁德運動公園""",30055
3056,3,"""仁中公園""",30056
3057,3,"""德南國小""",30057
3058,3,"""文宏公園""",30058
3059,3,"""南147線(奇美)""",30059
3060,3,"""中洲車站""",30060
3061,3,"""中洲中生""",30061
3062,3,"""清王公園""",30062
3063,3,"""港尾溝溪滯洪池""",30063
3064,3,"""仁德車站""",30064
3065,3,"""仁德文賢國中""",30065
3066,3,"""中正太子路口""",30066
3067,3,"""仁德忠義中正""",30067
3068,3,"""仁德區公所""",30068
3069,3,"""文山公園""",30069
3070,3,"""仁德國中""",30070
3071,3,"""林鳳營車站""",30071
3072,3,"""六甲運動公園""",30072
3073,3,"""六甲國小""",30073
3074,3,"""井仔腳瓦盤鹽田""",30074
3075,3,"""北門遊客中心""",30075
3076,3,"""大興公園""",30076
3077,3,"""花園夜市""",30077
3078,3,"""和順公園""",30078
3079,3,"""臺南公園(臺南轉運站)""",30079
3080,3,"""臺南二中""",30080
3081,3,"""成大醫院(小東路)""",30081
3082,3,"""海安成功""",30082
3083,3,"""福德公園""",30083
3084,3,"""延平國中""",30084
3085,3,"""光武公園""",30085
3086,3,"""成大醫院(東豐路)""",30086
3087,3,"""開元振興公園""",30087
3088,3,"""立德公園""",30088
3089,3,"""孝德公園""",30089
3090,3,"""勝安香草運動公園""",30090
3091,3,"""小東捐血室""",30091
3092,3,"""育北公園""",30092
3093,3,"""鄭子寮公園""",30093
3094,3,"""小東公園""",30094
3095,3,"""北安公園""",30095
3096,3,"""成德公園""",30096
3097,3,"""凱德公園""",30097
3098,3,"""賢北國小""",30098
3099,3,"""西門公園451巷""",30099
30100,3,"""賢北停車場""",300100
30101,3,"""北區陽光公園""",300101
30102,3,"""臺南車站(前站二)""",300102
30103,3,"""正德順德公園""",300103
30104,3,"""文靈公園""",300104
30105,3,"""文元公園""",300105
30106,3,"""北園公園""",300106
30107,3,"""東豐長榮""",300107
30108,3,"""小北棒球場(文成五育德一)""",300108
30109,3,"""臺南市桌球館""",300109
30110,3,"""成大醫院成杏校區(東豐路)""",300110
30111,3,"""北元公園""",300111
30112,3,"""中成成功""",300112
30113,3,"""文賢國中""",300113
30114,3,"""長勝長榮路口""",300114
30115,3,"""元成公園""",300115
30116,3,"""北成公園""",300116
30117,3,"""左鎮化石園區""",300117
30118,3,"""永康車站""",300118
30119,3,"""臺南市立圖書館""",300119
30120,3,"""南大附中""",300120
30121,3,"""小橋公園""",300121
30122,3,"""國立成功大學附屬南工""",300122
30123,3,"""龍中公園""",300123
30124,3,"""南臺科技大學(第三男子宿舍)""",300124
30125,3,"""臺南應用科技大學""",300125
30126,3,"""臺南應用科技大學(後門)""",300126
30127,3,"""探索教育公園(永平街)""",300127
30128,3,"""奇美醫院(中華路)""",300128
30129,3,"""台1線正南八街口""",300129
30130,3,"""大橋三街(活動中心)""",300130
30131,3,"""祥合公園(勝學路)""",300131
30132,3,"""永康勝利國小""",300132
30133,3,"""永康臨時轉運站""",300133
30134,3,"""三村國小""",300134
30135,3,"""大橋車站(北側)""",300135
30136,3,"""大橋車站(南側)""",300136
30137,3,"""復華七國華街口""",300137
30138,3,"""永康國小""",300138
30139,3,"""永康拖吊場""",300139
30140,3,"""西灣里滯洪池""",300140
30141,3,"""大灣國小""",300141
30142,3,"""大灣高中(文賢街)""",300142
30143,3,"""忠義街44巷""",300143
30144,3,"""安康里鄰里公園""",300144
30145,3,"""鹽行國中(平道二路)""",300145
30146,3,"""永康區社教中心""",300146
30147,3,"""中山北永明""",300147
30148,3,"""獅子亭公園(南工宿舍)""",300148
30149,3,"""東橋一東橋五""",300149
30150,3,"""永康公2公園""",300150
30151,3,"""東橋2號公園""",300151
30152,3,"""兒三廣十公園""",300152
30153,3,"""龍潭派出所""",300153
30154,3,"""中正南路404巷口""",300154
30155,3,"""龍國龍潭街口""",300155
30156,3,"""復華一街停車場""",300156
30157,3,"""東橋八街東橋五路口""",300157
30158,3,"""玉井區圖書館""",300158
30159,3,"""玉井客運站""",300159
30160,3,"""中華富強""",300160
30161,3,"""玉井中華中山""",300161
30162,3,"""白河區圖書館""",300162
30163,3,"""水景公園""",300163
30164,3,"""安平遊憩碼頭""",300164
30165,3,"""安億停車場""",300165
30166,3,"""安平區公所""",300166
30167,3,"""運河公園""",300167
30168,3,"""臺南市政府(永華中心)""",300168
30169,3,"""臺南市議會""",300169
30170,3,"""林默娘公園""",300170
30171,3,"""億載金城""",300171
30172,3,"""漁光島""",300172
30173,3,"""西門實小""",300173
30174,3,"""臺南地政事務所""",300174
30175,3,"""漁光島停車場""",300175
30176,3,"""億載公園""",300176
30177,3,"""安平中華西""",300177
30178,3,"""永華文平""",300178
30179,3,"""金城國中""",300179
30180,3,"""怡平公園""",300180
30181,3,"""永華國平""",300181
30182,3,"""健康國平西""",300182
30183,3,"""台南大員皇冠假日酒店""",300183
30184,3,"""臺南地院(健康二街)""",300184
30185,3,"""府平公園(郡平路)""",300185
30186,3,"""承天橋(平通路580巷)""",300186
30187,3,"""水景停車場""",300187
30188,3,"""觀夕平台""",300188
30189,3,"""安北路370巷""",300189
30190,3,"""安平國中""",300190
30191,3,"""南市區漁會""",300191
30192,3,"""永華育平路口""",300192
30193,3,"""安定區公所(停車場)""",300193
30194,3,"""蘇厝橋""",300194
30195,3,"""臺灣歷史博物館""",300195
30196,3,"""台江文化中心""",300196
30197,3,"""台江國家公園遊客中心""",300197
30198,3,"""四草綠色隧道""",300198
30199,3,"""媽祖宮公園""",300199
30200,3,"""鹿耳門公園""",300200
30201,3,"""新順公園""",300201
30202,3,"""南路寮公園""",300202
30203,3,"""頂順頂安""",300203
30204,3,"""梅花友愛公園""",300204
30205,3,"""九份子國中小""",300205
30206,3,"""溪仔墘植物公園""",300206
30207,3,"""溪東親子公園""",300207
30208,3,"""海佃休閒公園""",300208
30209,3,"""長安國小""",300209
30210,3,"""安順國中""",300210
30211,3,"""州北里運動公園""",300211
30212,3,"""州南公園""",300212
30213,3,"""亞太棒球中心(少棒主球場)""",300213
30214,3,"""安西停4停車場""",300214
30215,3,"""慈雲公園""",300215
30216,3,"""和順市場""",300216
30217,3,"""理想公園""",300217
30218,3,"""海尾海佃""",300218
30219,3,"""土城高中""",300219
30220,3,"""大道公園""",300220
30221,3,"""安富公園""",300221
30222,3,"""北安橋(府安)""",300222
30223,3,"""吉祥公園""",300223
30224,3,"""神榕公園""",300224
30225,3,"""本淵寮公有市場""",300225
30226,3,"""溪心公園""",300226
30227,3,"""安東公園""",300227
30228,3,"""樂成公園""",300228
30229,3,"""吉安公園""",300229
30230,3,"""安通公園""",300230
30231,3,"""西港中央公園""",300231
30232,3,"""西港區公所""",300232
30233,3,"""進學路停車場""",300233
30234,3,"""佳里國小(文化路)""",300234
30235,3,"""佳里公園""",300235
30236,3,"""蕭壠文化園區""",300236
30237,3,"""北門農工""",300237
30238,3,"""佳里國中""",300238
30239,3,"""佳里區公所""",300239
30240,3,"""佳里區仁愛國小""",300240
30241,3,"""葫蘆埤自然公園""",300241
30242,3,"""官田體育公園""",300242
30243,3,"""隆田車站""",300243
30244,3,"""隆田車站(東側)""",300244
30245,3,"""工社站""",300245
30246,3,"""二鎮森林公園""",300246
30247,3,"""東山運動公園""",300247
30248,3,"""新東路外停車場""",300248
30249,3,"""東山區公所""",300249
30250,3,"""陽光公園(生產路)""",300250
30251,3,"""平實公園""",300251
30252,3,"""成大公園""",300252
30253,3,"""勝利大學路口""",300253
30254,3,"""馬雅各青年公園""",300254
30255,3,"""東寧運動公園""",300255
30256,3,"""衛生局(林森辦公室)""",300256
30257,3,"""時代公園""",300257
30258,3,"""虎尾寮市場""",300258
30259,3,"""裕文圖書館""",300259
30260,3,"""德光公園""",300260
30261,3,"""和平公園""",300261
30262,3,"""巴克禮公園""",300262
30263,3,"""崇明路停E6""",300263
30264,3,"""臺南監理站""",300264
30265,3,"""車鑑會""",300265
30266,3,"""大學路停車場""",300266
30267,3,"""臺南一中""",300267
30268,3,"""忠孝國中(崇仁龍山)""",300268
30269,3,"""文化公園""",300269
30270,3,"""東興公園(東安路251巷)""",300270
30271,3,"""東興公園(林森路)""",300271
30272,3,"""臺南車站(前站一)""",300272
30273,3,"""生產崇聖""",300273
30274,3,"""大智公園""",300274
30275,3,"""竹篙厝公園""",300275
30276,3,"""富農公園""",300276
30277,3,"""關聖公園""",300277
30278,3,"""榮譽街停車場(崇明路308巷口)""",300278
30279,3,"""忠孝公園(榮譽街127巷口)""",300279
30280,3,"""東門城圓環(慶東街)""",300280
30281,3,"""南聖公園""",300281
30282,3,"""小東前鋒""",300282
30283,3,"""城垣小東門段殘蹟""",300283
30284,3,"""大學長榮""",300284
30285,3,"""林森大學""",300285
30286,3,"""裕華公園""",300286
30287,3,"""立德一路5巷""",300287
30288,3,"""巴克禮紀念公園(崇興路)""",300288
30289,3,"""崇明E6停車場(崇興路)""",300289
30290,3,"""崇善公園""",300290
30291,3,"""府東街41巷""",300291
30292,3,"""勝利國小(長榮路)""",300292
30293,3,"""慈幼工商""",300293
30294,3,"""臺南文化創意產業園區""",300294
30295,3,"""臺南車站(前鋒路)""",300295
30296,3,"""東光路地下停車場""",300296
30297,3,"""德高國小""",300297
30298,3,"""長榮高中""",300298
30299,3,"""文良公園""",300299
30300,3,"""平實後甲路口""",300300
30301,3,"""文聖公園""",300301
30302,3,"""長榮女中""",300302
30303,3,"""水萍塭公園(夏林路)""",300303
30304,3,"""臺南高商""",300304
30305,3,"""忠烈祠""",300305
30306,3,"""日新國小""",300306
30307,3,"""鹽埕圖書館""",300307
30308,3,"""南區區公所(公兒26公園)""",300308
30309,3,"""新興國小""",300309
30310,3,"""黃金海岸""",300310
30311,3,"""萬年公園""",300311
30312,3,"""水萍塭公園(金華路)""",300312
30313,3,"""瀨口公園""",300313
30314,3,"""健康綠洲公園""",300314
30315,3,"""興昌水交社""",300315
30316,3,"""水交社文創園區""",300316
30317,3,"""西門健康停車場""",300317
30318,3,"""文華公園""",300318
30319,3,"""亞洲餐旅""",300319
30320,3,"""南寧高中""",300320
30321,3,"""明和公園""",300321
30322,3,"""新都永成""",300322
30323,3,"""新生公園(大林路)""",300323
30324,3,"""喜樹喜明""",300324
30325,3,"""郡南二號公園""",300325
30326,3,"""大成國中""",300326
30327,3,"""永成路3段公兒S45公園""",300327
30328,3,"""開南公園""",300328
30329,3,"""新興國中""",300329
30330,3,"""金華路二段147巷37弄口""",300330
30331,3,"""疾病管制署南區管制中心""",300331
30332,3,"""台南市極限運動場""",300332
30333,3,"""中華西路一段70巷""",300333
30334,3,"""後壁車站""",300334
30335,3,"""後壁區公所""",300335
30336,3,"""後壁國小(展演中心)""",300336
30337,3,"""無米樂旅遊服務中心""",300337
30338,3,"""柳營區公所""",300338
30339,3,"""柳營車站""",300339
30340,3,"""麻豆轉運站(北側)""",300340
30341,3,"""麻豆區衛生所""",300341
30342,3,"""麻豆國中(活動中心)""",300342
30343,3,"""總爺藝文中心紅樓(西側)""",300343
30344,3,"""曾文農工""",300344
30345,3,"""麻豆新樓醫院""",300345
30346,3,"""曾文家商""",300346
30347,3,"""南科台積電(十四A)""",300347
30348,3,"""霞客湖""",300348
30349,3,"""南科健康生活館""",300349
30350,3,"""善化車站""",300350
30351,3,"""善化高中""",300351
30352,3,"""南科車站""",300352
30353,3,"""善化區公所(公園路)""",300353
30354,3,"""凱比吉公園""",300354
30355,3,"""南科車站(東側)""",300355
30356,3,"""LM陽光電城停車場""",300356
30357,3,"""LM蓮潭公園(北側)""",300357
30358,3,"""蓮潭國中小""",300358
30359,3,"""LM兒北公園""",300359
30360,3,"""大成國小""",300360
30361,3,"""善糖文化園區(南122)""",300361
30362,3,"""新化武德殿""",300362
30363,3,"""新化體育公園""",300363
30364,3,"""新化國中""",300364
30365,3,"""楊逵文學紀念館""",300365
30366,3,"""大智路豐榮洋子(活動中心)""",300366
30367,3,"""新化果菜市場(觀光入口)""",300367
30368,3,"""新化高工""",300368
30369,3,"""虎頭埤停車場""",300369
30370,3,"""南科管理局""",300370
30371,3,"""新市車站""",300371
30372,3,"""臺灣史前博物館(南科考古館)""",300372
30373,3,"""南科社區中心""",300373
30374,3,"""新市區公所""",300374
30375,3,"""民生富中""",300375
30376,3,"""新市區公所游泳池""",300376
30377,3,"""南科實驗高中-國中部""",300377
30378,3,"""國立成功大學台達大樓""",300378
30379,3,"""新營美術園區""",300379
30380,3,"""新營高中""",300380
30381,3,"""新營車站""",300381
30382,3,"""天鵝湖公園""",300382
30383,3,"""臺南市政府(民治中心)""",300383
30384,3,"""新營轉運站""",300384
30385,3,"""南新國中""",300385
30386,3,"""新營高工""",300386
30387,3,"""衛生局(東興辦公室)""",300387
30388,3,"""長榮復興(客運站)""",300388
30389,3,"""新營體育場第二停車場""",300389
30390,3,"""長勝營區(建業路)""",300390
30391,3,"""同濟街停車場""",300391
30392,3,"""新營國小""",300392
30393,3,"""新營交通台""",300393
30394,3,"""新南公園(隋唐街)""",300394
30395,3,"""南梓實驗小學附幼(太子路)""",300395
30396,3,"""新環保公園(東學路)""",300396
30397,3,"""新東環保公園(東泰路)""",300397
30398,3,"""民族路公有停車場""",300398
30399,3,"""新營高中(民治路)""",300399
30400,3,"""長春街134巷""",300400
30401,3,"""育德工家""",300401
30402,3,"""新營體育場第三停車場""",300402
30403,3,"""府西路137巷""",300403
30404,3,"""臺南市政府民治停車場""",300404
30405,3,"""南光高中""",300405
30406,3,"""隋唐綠廊(長榮路東側)""",300406
30407,3,"""民治綠川路口""",300407
30408,3,"""南瀛綠都心公園(中正路)""",300408
30409,3,"""新進路二段445巷25弄口""",300409
30410,3,"""南梓實驗小學""",300410
30411,3,"""楠西圖書館""",300411
30412,3,"""華宗紀念公園""",300412
30413,3,"""學甲區公所停車場""",300413
30414,3,"""大臺南會展中心""",300414
30415,3,"""陽明交通大學(臺南校區)""",300415
30416,3,"""歸仁區公所(中正北路)""",300416
30417,3,"""新豐高中""",300417
30418,3,"""沙崙車站""",300418
30419,3,"""高鐵台南站""",300419
30420,3,"""歸仁文化中心(公園路)""",300420
30421,3,"""歸仁十五高發二""",300421
30422,3,"""保西國小""",300422
30423,3,"""歸仁中山十街口""",300423
30424,3,"""大廟五街""",300424
30425,3,"""歸南國小""",300425
30426,3,"""臺鐵長榮大學站""",300426
30427,3,"""國科會-研發大樓""",300427
30428,3,"""長榮大學第三宿舍""",300428
30429,3,"""關廟轉運站""",300429
30430,3,"""大潭埤旺萊公園""",300430
30431,3,"""關廟區公所""",300431
30432,3,"""關廟國小""",300432
30433,3,"""正義武聖""",300433
30434,3,"""鹽水觀光美食城""",300434
30435,3,"""南門路停車場""",300435
30436,3,"""鹽水區公所公三停車場""",300436
401,4,Family Mart,4001
402,4,7-ELEVEN 民族門市,4002
403,4,7-ELEVEN 友愛門市,4003
404,4,FamilyMart National University of Tainan,4004
405,4,FamilyMart Tainan Linsen,4005
406,4,FamilyMart Tainan Jhongyi,4006
407,4,7-ELEVEN 永福門市,4007
408,4,7-ELEVEN 康樂門市 (SNOOPY主題商店),4008
409,4,全家便利商店 台南永福店-霜淇淋單口味,4009
4010,4,全家便利商店 台南常榮店,40010
4011,4,7-ELEVEN 新東門市,40011
4012,4,全家便利商店 台南前站店,40012
4013,4,7-ELEVEN 開山門市,40013
4014,4,FamilyMart,40014
4015,4,FamilyMart Tainan Dedong,40015
4016,4,全家便利商店-台南成大店,40016
4017,4,7-ELEVEN 東和門市,40017
4018,4,7-ELEVEN 新東育門市,40018
4019,4,Family Mart,40019
4020,4,Family Mart,40020
4021,4,7-ELEVEN 南門城門市,40021
4022,4,7-ELEVEN 赤崁門市,40022
4023,4,千浤便利商店,40023
4024,4,7-ELEVEN 天公門市,40024
4025,4,Family Mart,40025
4026,4,全家便利商店-台南東德店,40026
4027,4,7-ELEVEN 致聖門市,40027
4028,4,7-ELEVEn T.S. Mall Store,40028
4029,4,7-ELEVEN 竹篙厝門市,40029
4030,4,7-ELEVEN 大灣門市,40030
4031,4,7-ELEVEN 新永健門市,40031
4032,4,7-ELEVEN 北門門市 (卡娜赫拉主題商店),40032
4033,4,7-ELEVEN 崇明門市,40033
4034,4,7-Eleven,40034
4035,4,全家便利商店-台南崇德店,40035
4036,4,7-ELEVEN 衛國門市,40036
4037,4,全家便利商店-台南東文店,40037
4038,4,7-ELEVEN 公園門市,40038
4039,4,7-ELEVEN 東敬門市,40039
4040,4,7-ELEVEN 公平門市,40040
4041,4,7-ELEVEN 小東門市,40041
4042,4,7-ELEVEN 崇道門市,40042
4043,4,全家便利商店-台南東平店,40043
4044,4,7-ELEVEN 東發門市,40044
4045,4,7-ELEVEN 新永華門市,40045
4046,4,全家便利商店-台南榮寶店,40046
4047,4,7-ELEVEN 成商門市,40047
4048,4,7-ELEVEN 億載門市,40048
4049,4,統一超商 成大商場,40049
4050,4,全家便利商店台南康順店-霜淇淋單口味,40050
4051,4,7-ELEVEN 東龍門市,40051
4052,4,FamilyMart Tainan Changshun,40052
4053,4,FamilyMart Tainan Park,40053
4054,4,全家便利商店 台南新崇義店-霜淇淋單口味,40054
4055,4,7-ELEVEN 好富門市,40055
4056,4,VNEX Tainan 台南服務門市,40056
4057,4,7-ELEVEN 勝堉門市,40057
4058,4,7-ELEVEN Yawan Store,40058
4059,4,7-ELEVEN 自由門市,40059
4060,4,7-ELEVEN 新新樓門市,40060
4061,4,7-ELEVEN 友愛門市,40061
4062,4,Family Mart,40062
4063,4,7-ELEVEN 民族門市,40063
4064,4,FamilyMart National University of Tainan,40064
4065,4,FamilyMart Tainan Jhongyi,40065
4066,4,7-ELEVEN 永福門市,40066
4067,4,7-ELEVEN 開山門市,40067
4068,4,FamilyMart,40068
4069,4,7-ELEVEN 綜合門市,40069
4070,4,7-ELEVEN 天公門市,40070
4071,4,7-ELEVEN 康樂門市 (SNOOPY主題商店),40071
4072,4,全家便利商店 台南前站店,40072
4073,4,VNEX Tainan 台南服務門市,40073
4074,4,7-ELEVEN 豐盛門市,40074
4075,4,7-ELEVEN 長源門市,40075
4076,4,全家便利商店 台南和順店-霜淇淋單口味,40076
4077,4,FamilyMart Tainan Nanyuan,40077
4078,4,7-ELEVEN 赤崁門市,40078
4079,4,7-ELEVEN 和善門市,40079
4080,4,全家便利商店 台南和緯店-霜淇淋雙口味,40080
4081,4,7-ELEVEN 新東育門市,40081
4082,4,7-ELEVEN 致聖門市,40082
4083,4,7-ELEVEN 南門城門市,40083
4084,4,全家便利商店 台南全順店,40084
4085,4,7-ELEVEN Yawan Store,40085
4086,4,Family Mart,40086
4087,4,7-ELEVEN 康榮門市,40087
4088,4,7-ELEVEN 新東門市,40088
4089,4,統一超商 成大商場,40089
4090,4,7-ELEVEN 北門門市 (卡娜赫拉主題商店),40090
4091,4,7-ELEVEN 成商門市,40091
4092,4,7-Eleven,40092
4093,4,7-ELEVEN 新永華門市,40093
4094,4,RT-Mart Tainan Store,40094
4095,4,全家便利商店-台南育德店,40095
4096,4,7-ELEVEN 公平門市,40096
4097,4,7-ELEVEN 東橋門市,40097
4098,4,7-ELEVEN 西門門市,40098
4099,4,7-ELEVEN 公園門市,40099
40100,4,Carrefour Market Tainan Kaiyuan Store,400100
40101,4,RJ Mart tainan,400101
40102,4,COSTCO Tainan Store,400102
40103,4,7-ELEVEN 楠西門市,400103
40104,4,INDEX 南洋百貨,400104
40105,4,PX MART Tainan Zhongyi Store,400105
40106,4,Hilife Tainan Nanyuan,400106
40107,4,7-Eleven,400107
40108,4,Hilife,400108
40109,4,俗俗的賣生鮮超市,400109
40110,4,Carrefour Anping Store,400110
40111,4,EEC ELITE EXPRESS TNN(台南店),400111
40112,4,Carrefour Market Tainan Bei’an Store,400112
40113,4,Shin Kong Mitsukoshi Tainan Ximen Store,400113
40114,4,開南食品海安總店,400114
40115,4,啤酒超市 Belgium Beer Restraunt,400115
40116,4,7-ELEVEN 崇祐門市,400116
40117,4,7-ELEVEN 祥發門市,400117
40118,4,開南食品公園店,400118
40119,4,加州安全帽專賣店,400119
40120,4,SHOWBA小北百貨-台南西門店,400120
40121,4,7-ELEVEN 民族門市,400121
40122,4,7-ELEVEN 友愛門市,400122
40123,4,Family Mart,400123
40124,4,全家便利商店 台南前站店,400124
40125,4,全家便利商店 台南永福店-霜淇淋單口味,400125
40126,4,FamilyMart National University of Tainan,400126
40127,4,7-ELEVEN 光賢門市,400127
40128,4,FamilyMart Tainan Jhongyi,400128
40129,4,FamilyMart,400129
40130,4,7-ELEVEN 永福門市,400130
40131,4,7-ELEVEN 綜合門市,400131
40132,4,7-ELEVEN 天公門市,400132
40133,4,7-ELEVEN 開山門市,400133
40134,4,7-ELEVEN 和善門市,400134
40135,4,7-ELEVEN 赤崁門市,400135
40136,4,Family Mart,400136
40137,4,Family Mart,400137
40138,4,Family Mart,400138
40139,4,7-ELEVEN 康樂門市 (SNOOPY主題商店),400139
40140,4,全家便利商店台南康順店-霜淇淋單口味,400140
40141,4,全家便利商店 台南芳草店-霜淇淋單口味,400141
40142,4,全家便利商店-台南忠成店,400142
40143,4,7-ELEVEN 明倫門市,400143
40144,4,全家便利商店 台南康樂三店,400144
40145,4,7-ELEVEN 佰納門市,400145
40146,4,7-ELEVEN 新永健門市,400146
40147,4,全家便利商店 台南五妃店,400147
40148,4,7-ELEVEN 新運河門市,400148
40149,4,7-ELEVEn 台南星鑽門市,400149
40150,4,7-ELEVEN 湖華門市,400150
40151,4,全家便利商店 尊王店,400151
40152,4,春松便利商店,400152
40153,4,福 不倒翁 自動販賣機,400153
40154,4,7-ELEVEN 新永華門市,400154
40155,4,7-ELEVEN 北門門市 (卡娜赫拉主題商店),400155
40156,4,Hilife,400156
40157,4,7-ELEVEN 南門城門市,400157
40158,4,7-ELEVEN 郡王門市,400158
40159,4,7-ELEVEN 新光美門市,400159
40160,4,SMART LIFE（台南站第一月台）,400160
40161,4,7-ELEVEN 聖賢門市,400161
40162,4,7-ELEVEN 千福門市,400162
40163,4,7-ELEVEN 大五門市,400163
40164,4,7-ELEVEN 致聖門市,400164
40165,4,全家便利商店-台南美環店,400165
40166,4,7-ELEVEN 新府緯門市,400166
40167,4,蔡秀真,400167
40168,4,7-ELEVEN 新海成門市,400168
40169,4,Family Mart,400169
40170,4,7-ELEVEN 新新樓門市,400170
40171,4,7-ELEVEN 南醫門市,400171
40172,4,萊爾富便利商店 府城和緯店,400172
40173,4,7-ELEVEN 新東育門市,400173
40174,4,7-ELEVEN 東都門市,400174
40175,4,全家便利商店-台南成大店,400175
40176,4,7-ELEVEN 鎮山門市,400176
40177,4,7-ELEVEN 體育門市,400177
40178,4,統一超商 成大商場,400178
40179,4,7-ELEVEN 武德門市,400179
40180,4,7-ELEVEN 武聖門市,400180
501,5,Barclay Memorial Park,5001
502,5,Tainan Park,5002
503,5,Yongkang Park,5003
504,5,Xiaodong Park,5004
505,5,Pingshi Park,5005
506,5,Tainan City Sports Park,5006
507,5,No.9 Park,5007
508,5,Dongxing Park,5008
509,5,Wensheng Park,5009
5010,5,Tainan Sports Park,50010
5011,5,Daen Park,50011
5012,5,Nanmen Park,50012
5013,5,Dongning Sports Park,50013
5014,5,Chongshan Park,50014
5015,5,Sanjiao Park,50015
5016,5,Yujing Park,50016
5017,5,Donghe Park,50017
5018,5,南榕廣場,50018
5019,5,Banyan Garden,50019
5020,5,Thng Tik-Tsiong Memorial Park,50020
5021,5,Guansheng Park,50021
5022,5,Qianxi Park,50022
5023,5,Chongxue Park,50023
5024,5,哈赫拿爾森林,50024
5025,5,Dongxingluyi Park,50025
5026,5,Kaishan Park,50026
5027,5,Shueipingwun Park,50027
5028,5,Xinsheng Park,50028
5029,5,Chongde Park,50029
5030,5,Yuhua Park,50030
5031,5,Fengxing Park,50031
5032,5,Guangming Park,50032
5033,5,Nansheng Park,50033
5034,5,巴克禮公園-黑森林,50034
5035,5,Wenliang Park,50035
5036,5,開元公園苦楝樹,50036
5037,5,Zhuangjing Park,50037
5038,5,Tainan City Jinhua Park,50038
5039,5,Dalinyi Park,50039
5040,5,YuSheng Park 裕聖公園,50040
5041,5,218Ying Park,50041
5042,5,Changrong Park,50042
5043,5,Zhonghualier9 Park,50043
5044,5,Tongpanqian Park,50044
5045,5,Zhugaocuo Park,50045
5046,5,DongquE41 Park,50046
5047,5,念慈亭,50047
5048,5,Heping Park,50048
5049,5,棒球公園,50049
5050,5,Dongcheng Park,50050
5051,5,Heshun Park,50051
5052,5,Wenhua Park,50052
5053,5,Dafu Park,50053
5054,5,Xianghe Park,50054
5055,5,Daliner Park,50055
5056,5,臺南公園大燕潭,50056
5057,5,Daliangshengtai Park,50057
5058,5,Tainan Metropolitan Park,50058
5059,5,Chongcheng Park,50059
5060,5,Huaishilu Park,50060
5061,5,Tainan Park,50061
5062,5,Pingshi Park,50062
5063,5,Xiaodong Park,50063
5064,5,Xiwang Park,50064
5065,5,Heshun Park,50065
5066,5,No.9 Park,50066
5067,5,Nanmen Park,50067
5068,5,Lide Park,50068
5069,5,Yude Park,50069
5070,5,Wenyuan Park,50070
5071,5,Yongkang Park,50071
5072,5,Thng Tik-Tsiong Memorial Park,50072
5073,5,Barclay Memorial Park,50073
5074,5,Kaide Park,50074
5075,5,Dongxing Park,50075
5076,5,Chengde Park,50076
5077,5,Beiyuan Park,50077
5078,5,Zhengziliao Park,50078
5079,5,Dahe Park,50079
5080,5,Lianyatang Memorial Park,50080
5081,5,Banyan Garden,50081
5082,5,Shueipingwun Park,50082
5083,5,Shijian Park,50083
5084,5,Dongxingluyi Park,50084
5085,5,Guangxian Park,50085
5086,5,Fengxing Park,50086
5087,5,Yanshuixibei'an Riverside Park,50087
5088,5,Donghe Park,50088
5089,5,Liren Park,50089
5090,5,Lin Mo-niang Park,50090
5091,5,Zhangxingshengtai Park,50091
5092,5,Zhengde Park,50092
5093,5,Liujia Park,50093
5094,5,湖美公園,50094
5095,5,Shenganxiangcao Sports Park,50095
5096,5,Daliangshengtai Park,50096
5097,5,Wenling Park,50097
5098,5,Historic Harborside Park Park,50098
5099,5,Fuping Park,50099
50100,5,Yubei Park,500100
50101,5,Daxing Park,500101
50102,5,Beicheng Park,500102
50103,5,Dingmei Park,500103
50104,5,Wenzhong Park,500104
50105,5,念慈亭,500105
50106,5,Changrong Park,500106
50107,5,Shunde Park,500107
50108,5,開元公園苦楝樹,500108
50109,5,Yuanchang Park,500109
50110,5,永康公七公園（祥合公園）,500110
50111,5,Dagang Park,500111
50112,5,南榕廣場,500112
50113,5,Chenggong Park,500113
50114,5,臺南公園大燕潭,500114
50115,5,Dinghu Park,500115
50116,5,Yuanbao Sweet Osmanthus Park,500116
50117,5,Wencheng Park,500117
50118,5,Kaishan Park,500118
50119,5,Tainan City Sports Park,500119
50120,5,Zhongtan Park,500120
50121,5,Thng Tik-Tsiong Memorial Park,500121
50122,5,Shueipingwun Park,500122
50123,5,Nanmen Park,500123
50124,5,Daliangshengtai Park,500124
50125,5,Tainan Park,500125
50126,5,Barclay Memorial Park,500126
50127,5,Guangxian Park,500127
50128,5,Tainan Sports Park,500128
50129,5,No.9 Park,500129
50130,5,Xixian Park,500130
50131,5,Dingmei Park,500131
50132,5,Anping Canal Park,500132
50133,5,Wuqiao Park,500133
50134,5,Jianshi Park,500134
50135,5,Tainan City Sports Park,500135
50136,5,Kaishan Park,500136
50137,5,Tainan City Jinhua Park,500137
50138,5,Xihu Park,500138
50139,5,Heyi Park,500139
50140,5,水萍塭公園中央舞台,500140
50141,5,Historic Harborside Park Park,500141
50142,5,Xiaoximen Park,500142
50143,5,Lin Mo-niang Park,500143
50144,5,慶平公園,500144
50145,5,Wenping Park,500145
50146,5,湖美公園,500146
50147,5,Heshun Park,500147
50148,5,台南環河街-廣8廣場,500148
50149,5,Xiaodong Park,500149
50150,5,Xianghe Park,500150
50151,5,Xianbei Park,500151
50152,5,Yude Park,500152
50153,5,Lianyatang Memorial Park,500153
50154,5,Xiehe Park,500154
50155,5,Sanjiao Park,500155
50156,5,Luyi Park,500156
50157,5,Tainan 228 Memorial Park,500157
50158,5,Tainanshiyihui Riverside Park,500158
50159,5,Yonghua Park,500159
50160,5,大涼生態公園榕樹廣場,500160
50161,5,Dinghu Park,500161
50162,5,Wusheng Park,500162
50163,5,Humeilijing Park,500163
50164,5,原花園町綠園,500164
50165,5,Minsheng Park,500165
50166,5,Laikou Park,500166
50167,5,綠蔭廣場,500167
50168,5,東門圓環,500168
50169,5,Fuping Park,500169
50170,5,Yizai Park,500170
50171,5,Dafeng Park,500171
50172,5,原始森林,500172
50173,5,台南環河街,500173
50174,5,Jianping Park,500174
50175,5,Wuqiaoyunhexi'an Park,500175
50176,5,Wenhua Park,500176
50177,5,Pingshi Park,500177
50178,5,Gong58 Park,500178
50179,5,文賢綠園,500179
50180,5,光賢里13號公園,500180
601,6,成功大學郵局(臺南7支),6001
602,6,臺南德高厝郵局(臺南12支),6002
603,6,臺南東城郵局(臺南18支),6003
604,6,臺南東門郵局(臺南26支),6004
605,6,臺南東寧路郵局(臺南28支),6005
606,6,臺南小東郵局(臺南40支),6006
607,6,臺南虎尾寮郵局(臺南49支),6007
608,6,成功大學成杏校區--大門左側,6008
609,6,復興國中--大門左側,6009
6010,6,國道高速公路局南區工程處--行政辦公處旁,60010
6011,6,成功大學光復校區--大門右側,60011
6012,6,臺南一中--勝利路大門右側,60012
6013,6,臺南監理站--大門左側,60013
6014,6,臺南榮家--大門左側,60014
6015,6,後甲國中--林森路大門左側,60015
6016,6,成功大學自強校區--大門右側,60016
6017,6,成功大學成功校區--大門右側,60017
6018,6,成功大學光復校區--正門守衛室旁,60018
701,7,Joy Family Clinic,7001
702,7,陳錦標診所,7002
703,7,葉正傑家庭醫學科診所,7003
704,7,Yongkang Jiang Lin clinic,7004
705,7,Airlie clinic,7005
706,7,Hu Chong Yuan Fountain Clinic,7006
707,7,東仁診所,7007
708,7,福康診所,7008
709,7,依美琦時尚診所-台南總院 曼陀女王波 柔滴 魔滴 隆乳 隆鼻 雙眼皮,7009
7010,7,Driver's License Body Check,70010
7011,7,大東門讚診所（骨科、復健、微創手術治療、超音波檢查）,70011
7012,7,陳煌奇耳鼻喉科診所 (5/19-6/3耳鼻喉科休診，心臟內科照常看診),70012
7013,7,王盈彬精神科診所,70013
7014,7,心自在身心診所｜失眠｜自律神經失調｜醫學中心等級rTMS治療｜兒童心智評估,70014
7015,7,蔡明輝診所,70015
7016,7,台南市東區崇明十四街69號,70016
7017,7,莊林診所,70017
7018,7,冠安內科診所-舒眠大腸鏡｜舒適經鼻胃鏡｜高解析彩色超音波,70018
7019,7,活水神經內科診所,70019
7020,7,春暉診所,70020
7021,7,南門診所,70021
7022,7,陳醫師免費諮詢服務處,70022
7023,7,台南頂安診所,70023
7024,7,婦兒安診所,70024
7025,7,身心喜樂診所,70025
7026,7,崇學馬光中醫診所\台南中醫\清冠一號\長新冠,70026
7027,7,崇明診所(骨外科),70027
7028,7,王肇陽皮膚內兒科診所,70028
7029,7,楊慧斌耳鼻喉科診所,70029
7030,7,杰美學診所,70030
7031,7,林忠義診所,70031
7032,7,長榮骨外科診所,70032
7033,7,侯世婷小兒科診所,70033
7034,7,陳昱傑骨科診所-PRP血小板增生療法/脊椎免開刀注射治療,70034
7035,7,陳沛植風濕免疫科診所,70035
7036,7,呂品宜小兒科診所,70036
7037,7,陳淑玲林原弘小兒科診所,70037
7038,7,寶泰診所,70038
7039,7,Tainan Hospital,70039
7040,7,陳正雄外科診所,70040
7041,7,潮代診所 | 減重門診 | 減肥診所 | 健康減重 | 台南減肥推薦 | 台南減重評價,70041
7042,7,楊博文耳鼻喉科,70042
7043,7,黃三元耳鼻喉科診所,70043
7044,7,波士頓醫美診所,70044
7045,7,璺到底皮膚專科診所,70045
7046,7,灝天診所,70046
7047,7,安妞美學診所 台南崇學店,70047
7048,7,易和中醫診所,70048
7049,7,黃智毅耳鼻喉科診所,70049
7050,7,天一中醫聯合診所,70050
7051,7,蕭國瑞耳鼻喉科診所,70051
7052,7,ihair風華御髮台南崇明店-台南植髮診所推薦,70052
7053,7,陳眼科耳鼻喉科診所,70053
7054,7,吳建民耳鼻喉科診所,70054
7055,7,蔚武中醫診所 /清冠一號/預約門診 Line:@yfy9082w /痔瘡/攝護腺炎/咳嗽/鼻過敏/胃食道逆流/更年期症候群/便秘/頻尿/生長發育調理,70055
7056,7,Lin Yu Zhong physical and mental psychiatric clinic,70056
7057,7,李榮貴中醫診所-東區中醫過敏治療 | 失眠諮詢 | 口碑中醫 | 中醫皮膚科 | 青春痘治療 | 婦科調理,70057
7058,7,必揚物理治療,70058
7059,7,全仁中醫診所,70059
7060,7,華德整復所,70060
7061,7,NCKU Hospital Building No. 2,70061
7062,7,National Cheng Kung University Hospital,70062
7063,7,MOHW Tainan Hospital,70063
7064,7,Tainan Municipal Hospital,70064
7065,7,台南頂安診所,70065
7066,7,Tainan City Municipal Annan Hospital,70066
7067,7,Sinlau Christian Hospital,70067
7068,7,王恭亮診所,70068
7069,7,Chih-Cheng Hospital,70069
7070,7,臺南維新診所,70070
7071,7,心悠活診所／身心精神科診所,70071
7072,7,General Clinic,70072
7073,7,第一聯合診所,70073
7074,7,Lin Binghuang dermatology clinic,70074
7075,7,MOHW Tainan Hospital Xinhua Branch,70075
7076,7,美地診所,70076
7077,7,Joy Family Clinic,70077
7078,7,南門診所,70078
7079,7,北安勤美皮膚科診所/附設整形門診,70079
7080,7,Jen-Ai Hospital,70080
7081,7,Yong Da Hospital,70081
7082,7,安安婦幼診所,70082
7083,7,沐黎時尚美學診所 西門店,70083
7084,7,安田耳鼻喉科診所,70084
7085,7,享健達診所,70085
7086,7,Department of Internal Medicine,70086
7087,7,Yang Obstetrics and Gynecology Clinic,70087
7088,7,康柏物理治療所｜全自費｜全預約制,70088
7089,7,郭育宏皮膚專科診所,70089
7090,7,康田診所,70090
7091,7,南部科學園區聯合診所,70091
7092,7,Yongchuan Hospital ENT,70092
7093,7,Chen Tso Yen Obstrictics & Gynecology Hospital,70093
7094,7,陳威文耳鼻喉科診所,70094
7095,7,Chi Mei Medical Center,70095
7096,7,劉明奇耳鼻喉科診所,70096
7097,7,Center Union Dental Clinic,70097
7098,7,Kaohsiung Veterans General Hospital Tainan Branch,70098
7099,7,呂美娜中醫,70099
70100,7,Internal Medicine,700100
70101,7,鮮果診所,700101
70102,7,一日玩美牙醫診所 One Day Natural Dental Clinic,700102
70103,7,張教授胎兒醫學中心-台安診所,700103
70104,7,台南安南區-賴俊良聯合診所 | 骨科 | 外科 | 胃腸科 | 復健科 | 三高慢性病診療｜提供X光、無痛胃鏡 大腸鏡、超音波、抽血、心電圖檢查、骨鬆檢測,700104
70105,7,惠民診所（外科專科、附設開刀房）,700105
70106,7,達俊診所,700106
70107,7,王克生小兒科診所,700107
70108,7,游新內分泌新陳代謝科診所,700108
70109,7,"College of Medicine, NCKU",700109
70110,7,中華誠康診所,700110
70111,7,medFirst,700111
70112,7,Department of Emergency Medicine,700112
70113,7,"Jianan Psychiatric Center, Ministry of Health and Welfare",700113
70114,7,陳文峯耳鼻喉科診所,700114
70115,7,開元骨外科診所,700115
70116,7,禾悅美學牙醫診所,700116
70117,7,Chan Lin Eye Clinic,700117
70118,7,Modern Eye Clinic,700118
70119,7,精準眼科診所,700119
70120,7,陳昱傑骨科診所-PRP血小板增生療法/脊椎免開刀注射治療,700120
70121,7,吳振戎,700121
70122,7,南門診所,700122
70123,7,康田診所,700123
70124,7,Kuo General Hospital,700124
70125,7,張富全診所 內兒科 家醫科 耳鼻喉科 皮膚科,700125
70126,7,慈善物理治療所,700126
70127,7,郭明慧診所,700127
70128,7,台大康悅復健診所,700128
70129,7,心悠活診所／身心精神科診所,700129
70130,7,芳德診所,700130
70131,7,MOHW Tainan Hospital,700131
70132,7,游新內分泌新陳代謝科診所,700132
70133,7,張士澎內科家醫科診所,700133
70134,7,Chi Mei Medical Center Shulin Campus,700134
70135,7,Little Angel joint clinic,700135
70136,7,誠信中醫診所,700136
70137,7,小天使婦兒診所,700137
70138,7,里約風醫美診所,700138
70139,7,台南頂安診所,700139
70140,7,朱讚騫外科診所,700140
70141,7,蘇文彬婦產科診所,700141
70142,7,大安成美診所,700142
70143,7,保安道Peaceful Avenue@臺南,700143
70144,7,祥元中醫,700144
70145,7,惠民診所（外科專科、附設開刀房）,700145
70146,7,蘇小兒科,700146
70147,7,承恩中醫診所｜預約優先｜中醫內科｜美顏針｜針灸｜傷科｜婦科｜兒科｜轉骨｜皮膚｜失眠｜憂鬱症,700147
70148,7,林周雅麗,700148
70149,7,忠山內科傷科中醫診所,700149
70150,7,伊娳美時尚診所,700150
70151,7,廖健良診所,700151
70152,7,景天中醫診所,700152
70153,7,慈恩中醫診所,700153
70154,7,立德婦內科中醫診所,700154
70155,7,周智夫內科中醫診所,700155
70156,7,陸健邦耳鼻喉科診所,700156
70157,7,沐黎時尚美學診所 府前店,700157
70158,7,國光醫事放射科,700158
70159,7,信鴻中醫診所,700159
70160,7,建壽中醫診所,700160
70161,7,Yongchuan Hospital ENT,700161
70162,7,台南維格診所 皮秒雷射｜UP雷射｜鳳凰電波FLX｜增肌減脂EMSCULPT｜絲酷秀溶脂｜酷塑冷凍減脂｜威塑抽脂｜miraDry腋下多汗｜手術,700162
70163,7,Joy Family Clinic,700163
70164,7,中正伊美時尚診所(整形外科),700164
70165,7,星和診所 台南醫美 - | 皮秒雷射 | 瑞絲朗玻尿酸 | 鳳凰電波FLX | 增肌減脂,700165
70166,7,昕霈中醫診所-不孕|婦科|皮膚科|過敏|減重埋線美顏針|胃食道逆流,700166
70167,7,楊介元診所,700167
70168,7,星醫美學院 台南,700168
70169,7,台南淨妍醫美診所,700169
70170,7,愛爾麗診所 台南西門店,700170
70171,7,新世紀眼科診所,700171
70172,7,日光牙醫診所【台南隱適美矯正推薦、隱形牙套矯正推薦、3D齒雕、全瓷冠貼片、顯微根管治療】,700172
70173,7,張文瑞骨科診所,700173
70174,7,林春銘腦神經內科診所,700174
70175,7,陳昱傑骨科診所-PRP血小板增生療法/脊椎免開刀注射治療,700175
70176,7,洪敏元耳鼻喉科診所,700176
70177,7,楊耳鼻咽喉科診所,700177
70178,7,National Cheng Kung University Hospital,700178
70179,7,大安享孕試管-鍾明廷台南試管嬰兒中心,700179
70180,7,Tainan Municipal Hospital,700180
801,8,The XX Hair Studio,8001
802,8,上格 Hair Salon,8002
803,8,UN hair salon-中山店,8003
804,8,HI HI hair salon(台南剪燙染護推薦),8004
805,8,沐沐-STYLE / hair salon,8005
806,8,Times salon台南燙髮推薦,8006
807,8,KOMM HAIR台南店｜燙髮｜染髮｜手刷染｜男生燙髮｜男生剪髮｜極短髮｜特殊色染髮｜縮毛矯正｜健康染髮｜一刀切｜齊短髮｜水波紋｜鬆軟燙｜光線染,8007
808,8,Curls Hair Salon克洛斯時尚造型沙龍台南中西區剪髮推薦、燙髮、剪髮、染髮,8008
809,8,生活髮藝Life_hair_salon,8009
8010,8,A PLUS BEAUTY SALON,80010
8011,8,Round2 HAIR SALON 台南東寧館,80011
8012,8,SAVO HAIR SALON,80012
8013,8,墨亞 hair salon,80013
8014,8,Wemax hair & sap salon 專業造型美學親子沙龍/新娘秘書/彩妝造型/頭皮養護/科技美容/增肌/兒童燙髮,80014
8015,8,The XX Hair Salon,80015
8016,8,MVSA Hair Salon,80016
8017,8,MASK Hair Studio,80017
8018,8,甩甩髮藝-2024台南中西區髮廊沙龍 髮型設計師推薦 剪燙染護髮 韓系電棒感 波波燙 縮毛矯正 漂髮 挑染 手刷染 耳圈染 霧感奶茶染髮 頭皮SPA保養 台南大學附近 PTT Dcard,80018
8019,8,FA hair salon裕農店,80019
8020,8,拾毛老鄉Barber shop mix salon ｜台南剪髮｜頭皮護理｜髮質鍍膜｜韓系浪漫燙｜男士剪髮｜1對1專業服務｜台南染髮｜耳圈染｜,80020
8021,8,有理Hair Salon,80021
8022,8,ROUND2 HAIR SALON 青年店/ 剪髮 / 染髮 / 燙髮 / 護髮 - 台南髮型設計師推薦美髮髮廊,80022
8023,8,角度髮型 ANGLE SALON,80023
8024,8,日䋥Daily Hair salon,80024
8025,8,慕廊Hair Salon,80025
8026,8,臺南Hive Hair民生店,80026
8027,8,HAAR hair salon,80027
8028,8,L Hair Salon,80028
8029,8,L.M Hair Salon,80029
8030,8,Koti hair salon東區髮廊、縮毛矯正、台南燙髮染髮護髮頭皮護理推薦、結構護髮、韓系髮型,80030
8031,8,家 Home Hair Salon,80031
8032,8,台南髮廊/燙.染專門店,80032
8033,8,牧髮山丘 Hair Salon,80033
8034,8,關於我們 Hair Salon,80034
8035,8,HALO SALON(採預約制),80035
8036,8,沐澄髮藝2店,80036
8037,8,深度髮廊Profound hair design,80037
8038,8,NICO HAIR SALON,80038
8039,8,Fit hair salon台南中西區,80039
8040,8,純淨小舖,80040
8041,8,Sandy隨心美髮造型,80041
8042,8,FT髮緹髮藝Hair Salon 台南東區仁和路強力推薦專業剪燙染護美髮沙龍 /韓式燙髮 /縮毛矯正/特殊色染髮/頭皮調理/髮質護理/男士油頭/彩妝/新秘/,80042
8043,8,TC hair salon,80043
8044,8,EM hair & design,80044
8045,8,H'air Port Salon |台南燙髮推薦|台南剪髮推薦|台南頭皮養護|台南染推薦|台南護髮推薦|台南東區美髮髮廊|台南東區沙龍,80045
8046,8,台南 CUTE 剪髮 燙髮 染髮 生髮 育髮 落髮 推薦 東區 中西區,80046
8047,8,N13 Hair Salon,80047
8048,8,E.A Hair Salon,80048
8049,8,婕恩絲沙龍（OLIMA中華東門市）,80049
8050,8,OL造型沙龍,80050
8051,8,In STYLE hair culture,80051
8052,8,KJ HAIR,80052
8053,8,SKYLINE地平線,80053
8054,8,JS髮藝 Hair Salon｜台南頭皮檢測｜台南頂流造型｜在地嚮導評論家【⭐ 五星好感度推薦品牌】,80054
8055,8,莎夏髮藝,80055
8056,8,東來高級理髮廳,80056
8057,8,玖號美髮沙龍,80057
8058,8,BW HAIR SALON,80058
8059,8,EN show hair studio,80059
8060,8,Room Hair髮型販売所 | 台南人氣髮廊 專業燙髮 剪髮 染髮 縮毛矯正 護髮推薦,80060
8061,8,人 Hair Studio,80061
8062,8,台南美髮沙龍｜有造型空間東豐店｜台南染髮｜台南燙髮,80062
8063,8,UN hair salon-中山店,80063
8064,8,D2 Hair Salon,80064
8065,8,上格 Hair Salon,80065
8066,8,M&E hair salon,80066
8067,8,KOMM HAIR台南店｜燙髮｜染髮｜手刷染｜男生燙髮｜男生剪髮｜極短髮｜特殊色染髮｜縮毛矯正｜健康染髮｜一刀切｜齊短髮｜水波紋｜鬆軟燙｜光線染,80067
8068,8,青福女子クラブ,80068
8069,8,Times salon台南燙髮推薦,80069
8070,8,A PLUS BEAUTY SALON,80070
8071,8,PS15 Hair Salon 台南旗艦- 台南中西區髮廊 - 專業剪髮.染髮.燙髮.接髮,80071
8072,8,Round2 HAIR SALON 台南東寧館,80072
8073,8,MVSA Hair Salon,80073
8074,8,S hair & spa salon 舒壓洗髮 | 頭皮調理 | 髮質養護 | 肯邦髮品授權店,80074
8075,8,HAPPYHAIR 台南新天地 - 台南剪髮|護髮|頭皮護理|燙髮|挑染|髮型設計|咖啡複合式 台南髮廊推薦,80075
8076,8,生活髮藝Life_hair_salon,80076
8077,8,FA hair salon裕農店,80077
8078,8,@shop,80078
8079,8,VINCEN HAIR STUDIO 精剪髮藝個人工作室,80079
8080,8,苒苒 Hair Studio,80080
8081,8,HI HI hair salon(台南剪燙染護推薦),80081
8082,8,Curls Hair Salon克洛斯時尚造型沙龍台南中西區剪髮推薦、燙髮、剪髮、染髮,80082
8083,8,L.M Hair Salon,80083
8084,8,TC hair salon,80084
8085,8,Fit hair salon台南中西區,80085
8086,8,Fino Hair Salon 台南推薦燙髮,80086
8087,8,台南美髮沙龍-有造型空間西門店 / HAVE SALON/專業染髮、燙髮,80087
8088,8,Z hair salon,80088
8089,8,台南髮廊/燙.染專門店,80089
8090,8,L Hair Salon,80090
8091,8,BAC HAIR SALON,80091
8092,8,卡卡造型學院｜彩妝造型｜髮型設計｜美容美體｜美睫紋綉｜刺青改圖｜美甲保養｜,80092
8093,8,W - Hair Salon,80093
8094,8,KJ HAIR,80094
8095,8,牧髮山丘 Hair Salon,80095
8096,8,Hair De Queen,80096
8097,8,Good Hair Salon 好美學髮藝,80097
8098,8,Heh Hair Salon嘿～髮沙龍,80098
8099,8,N13 Hair Salon,80099
80100,8,MT hair salon,800100
80101,8,台南Bing Cherry Hair Salon┃台南頭皮護理spa深呼吸┃剪髮┃燙髮┃挑染┃髮型設計┃台南髮廊推,800101
80102,8,H'air Port Salon |台南燙髮推薦|台南剪髮推薦|台南頭皮養護|台南染推薦|台南護髮推薦|台南東區美髮髮廊|台南東區沙龍,800102
80103,8,有理Hair Salon,800103
80104,8,Wan hair美髮工作室/台南剪髮/台南燙髮/台南染髮,800104
80105,8,法斯亞 Hair Salon,800105
80106,8,NICO HAIR SALON,800106
80107,8,HAAR hair salon,800107
80108,8,台南美髮/頭皮保健/台南永康/1.42 Hair Salon沙龍,800108
80109,8,Don't__ask HAIR,800109
80110,8,EM hair & design,800110
80111,8,W hair salon,800111
80112,8,麗舍有機概念美髮沙龍,800112
80113,8,艾美hair & nail（週日公休、如有需求可提早預約）（寵物友善）,800113
80114,8,BW HAIR SALON,800114
80115,8,M.e H air Salon 美髮沙龍,800115
80116,8,東來高級理髮廳,800116
80117,8,婕恩絲沙龍（OLIMA中華東門市）,800117
80118,8,Room Hair髮型販売所 | 台南人氣髮廊 專業燙髮 剪髮 染髮 縮毛矯正 護髮推薦,800118
80119,8,D&D hair salon台南剪燙染護推薦,800119
80120,8,法廊hairsalon｜安平髮廊｜一對一客製化服務｜ 頭皮養護髮質保養｜造型｜全預約制｜下方連結官方line預約,800120
80121,8,童畫沙龍髮藝&Relax art hair salon & 美容SPA,800121
80122,8,A PLUS BEAUTY SALON,800122
80123,8,沐梓嬛美學/台南洗頭/頭皮管理/采耳/養生頭道/美體spa/眼睛按摩/舒壓洗髮/頭療,800123
80124,8,Z hair salon,800124
80125,8,Fit hair salon台南中西區,800125
80126,8,Curls Hair Salon克洛斯時尚造型沙龍台南中西區剪髮推薦、燙髮、剪髮、染髮,800126
80127,8,上格 Hair Salon,800127
80128,8,夜間美髮沙龍 QJ女王髮妝美學,800128
80129,8,KOMM HAIR台南店｜燙髮｜染髮｜手刷染｜男生燙髮｜男生剪髮｜極短髮｜特殊色染髮｜縮毛矯正｜健康染髮｜一刀切｜齊短髮｜水波紋｜鬆軟燙｜光線染,800129
80130,8,W - Hair Salon,800130
80131,8,RT美髮沙龍 /台南染燙髮推薦/韓式水波紋/新娘髮妝/女神接髮/彩妝造型/頭皮護理,800131
80132,8,L.M Hair Salon,800132
80133,8,TC hair salon,800133
80134,8,HI HI hair salon(台南剪燙染護推薦),800134
80135,8,@shop,800135
80136,8,UN hair salon-中山店,800136
80137,8,D2 Hair Salon,800137
80138,8,Hair De Queen,800138
80139,8,台南 CUTE 剪髮 燙髮 染髮 生髮 育髮 落髮 推薦 東區 中西區,800139
80140,8,VINCEN HAIR STUDIO 精剪髮藝個人工作室,800140
80141,8,維納斯髮妝美學館,800141
80142,8,BW HAIR SALON,800142
80143,8,生活髮藝Life_hair_salon,800143
80144,8,Wan hair美髮工作室/台南剪髮/台南燙髮/台南染髮,800144
80145,8,臺南Hive Hair民生店,800145
80146,8,舒頭沙龍,800146
80147,8,卡卡造型學院｜彩妝造型｜髮型設計｜美容美體｜美睫紋綉｜刺青改圖｜美甲保養｜,800147
80148,8,Heh Hair Salon嘿～髮沙龍,800148
80149,8,有理Hair Salon,800149
80150,8,BAC HAIR SALON,800150
80151,8,Good Hair Salon 好美學髮藝,800151
80152,8,台南Bing Cherry Hair Salon┃台南頭皮護理spa深呼吸┃剪髮┃燙髮┃挑染┃髮型設計┃台南髮廊推,800152
80153,8,Don't__ask HAIR,800153
80154,8,HAPPYHAIR 台南新天地 - 台南剪髮|護髮|頭皮護理|燙髮|挑染|髮型設計|咖啡複合式 台南髮廊推薦,800154
80155,8,麗舍有機概念美髮沙龍,800155
80156,8,SN專業美髮沙龍,800156
80157,8,東來高級理髮廳,800157
80158,8,Oehair樹林店,800158
80159,8,Hair de Cross 加頭鬃髮型設計,800159
80160,8,H'air Port Salon |台南燙髮推薦|台南剪髮推薦|台南頭皮養護|台南染推薦|台南護髮推薦|台南東區美髮髮廊|台南東區沙龍,800160
80161,8,法斯亞 Hair Salon,800161
80162,8,JK流行髮舍,800162
80163,8,一心 OH hair salon,800163
80164,8,吾熹沙龍_Wuxi salon,800164
80165,8,艾美hair & nail（週日公休、如有需求可提早預約）（寵物友善）,800165
80166,8,苒苒 Hair Studio,800166
80167,8,FINK HAIR SALON. (ig線上預約制）,800167
80168,8,KJ HAIR,800168
80169,8,台南 CUTE 剪髮 燙髮 染髮 生髮 育髮 落髮 中西區 五妃店,800169
80170,8,里徠沙龍－台南推薦髮廊沙龍 髮型設計師 男生剪髮 染燙髮 漂髮 造型 挑染手刷染 霧感染髮 線條染 耳圈染 特殊色 韓式無痕髮根燙 頭皮護理SPA 縮毛矯正 評價 頭皮養護 黑曜光感護髮 Nook頭皮深層護理 首選 優質 網友好評,800170
80171,8,想像空間美髮沙龍,800171
80172,8,Room Hair髮型販売所 | 台南人氣髮廊 專業燙髮 剪髮 染髮 縮毛矯正 護髮推薦,800172
80173,8,根號3HAIRSALON,800173
80174,8,Showlin Beauty Salon,800174
80175,8,RAW 髮廊- 府前店-台南中西區剪髮/燙髮/染髮/護髮/洗髮/接髮 美髮沙龍髮廊 縮毛矯正/線條耳圈染/手刷染/熱溫塑燙/波浪燙/頭皮護理SPA/結構式護髮 2024髮型設計 人氣推薦 PTT Dcard,800175
80176,8,香港剪髮,800176
80177,8,異幻Hair Salon 美髮x 紋繡美學,800177
80178,8,BON BON Hair+Photo,800178
80179,8,oehair新光館,800179
80180,8,汶綺剪燙造型設計,800180
